hugball.com,"Active Website"
kickerdaily.com,Paused
kickerdaily.com,"Active Website"
penpatah.blogspot.com,"Active Website"
P_4D88.com,"Active Website"
P_Anak-Anak,"Active Website"
"P_Blog 3 Dalam 1","Active Website"
P_BLOGMAZEER,"Active Website"
P_bongda.com.vn,"Active Website"
P_bongda24h.vn,"Active Website"
P_Dek-D.COM,"Active Website"
P_doctruyendoremon.vn,"Active Website"
P_fauziahsamad.com,"Active Website"
"P_Gendang Perang","Active Website"
P_GENGtube,"Active Website"
P_GilaBola,"Active Website"
P_GilerKentang,"Active Website"
"P_GLAM MEDIA","Active Website"
P_Jobelist,"Active Website"
P_jpnn,"Active Website"
P_Kerjay,"Active Website"
P_ko-anime,"Active Website"
P_myinfo4u.net,"Active Website"
P_Naewna,"Active Website"
P_orztoon.com,"Active Website"
"P_Persian Music","Active Website"
P_phimso1.vn,"Active Website"
P_pingje.org,"Active Website"
P_PULSK.com,"Active Website"
P_P_tawaunetwork,"Active Website"
"P_Relaks Minda","Active Website"
P_seriesubthai.com,"Active Website"
P_SgForums,"Active Website"
P_Siamphone.com,"Active Website"
P_siamsport,"Active Website"
P_Statigram,"Active Website"
P_suarashiro,"Active Website"
P_Terbakor,"Active Website"
P_tinthethao.com.vn,"Active Website"
"P_Tonton Dan Download Malay","Active Website"
P_toonhd,"Active Website"
P_TVBoxNow,"Active Website"
"P_Watch Lakorn","Active Website"
shoppinglifestyle.com,"Active Website"
sportsatu.com,"Active Website"
stafaband.info,"Active Website"
truyenngontinh.com,"Active Website"
